ID,Name,NOC,Discipline
1149,BORGER Karla,Germany,Beach Volleyball
1150,BORGES Alexis,Portugal,Handball
1151,BORGES ALMEIDA SILVA Mauricio,Brazil,Volleyball
1152,BORGES Felipe,Brazil,Handball
1153,BORGES Gabriel,Brazil,Sailing
1154,BORGLI Stine,Norway,Cycling Road
1155,BORGOHAIN Lovlina,India,Boxing
1156,BORKOWSKI Mateusz,Poland,Athletics
1157,BORLEE Dylan,Belgium,Athletics
1158,BORLEE Jonathan,Belgium,Athletics
1159,BORLEE Kevin,Belgium,Athletics
1160,BORODACHEV Kirill,ROC,Fencing
1161,BORODAVKO Jevgenijs,Latvia,Judo
1162,BORODIN Ilia,ROC,Swimming
1163,BOROWSKA Dorota,Poland,Canoe Sprint
1164,BORRAS Marion,France,Cycling Track
1165,BORRERO MOLINA Ismael,Cuba,Wrestling
1166,BORTHWICK Emily,Great Britain,Athletics
1167,BORUTTA Samantha,Germany,Athletics
1168,BORYKAU Mikita,Belarus,Canoe Sprint
1169,BOSETTI Caterina Chiara,Italy,Volleyball
1170,BOSHNAK Aliya,Jordan,Athletics
1171,BOSKOVIC Tijana,Serbia,Volleyball
1172,BOSSE Pierre-Ambroise,France,Athletics
1173,BOSSERHOFF Niklas,Germany,Hockey
1174,BOSSUYT Shari,Belgium,Cycling Track
1175,BOSWORTH Sam,New Zealand,Rowing
1176,BOSWORTH Tom,Great Britain,Athletics
1177,BOTALOVA Maria,ROC,Rowing
1178,BOTEK Adam,Slovakia,Canoe Sprint
1179,BOTIN le CHEVER Diego,Spain,Sailing
1180,BOTITU Vilimoni,Fiji,Rugby Sevens
1181,BOTLOGETSWE Christine,Botswana,Athletics
1182,BOTT CJ,New Zealand,Football
1183,BOTTARO Viviana,Italy,Karate
1184,BOTTICHER Stefan,Germany,Cycling Track
1185,BOUALAM Roumaysa,Algeria,Boxing
1186,BOUBAKRI Ines,Tunisia,Fencing
1187,BOUCHERON Hugo,France,Rowing
1188,BOUCHICHA Hichem,Algeria,Athletics
1189,BOUDINA Sid Ali,Algeria,Rowing
1190,BOUDJEMLINE Adem,Algeria,Wrestling
1191,BOUGARD Erica,United States of America,Athletics
1192,BOUGUERRA Aymen,Tunisia,Volleyball
1193,BOUKAA El Ghali,Morocco,Equestrian
1194,BOUKHIAM Ramzi,Morocco,Surfing
1195,BOUKLI Shirine,France,Judo
1196,BOULOUDINATS Chouaib,Algeria,Boxing
1197,BOUMA Andrea,Netherlands,Athletics
1198,BOUQANTAR Soufiyan,Morocco,Athletics
1199,BOURAS Hamza,Algeria,Sailing
1200,BOUREZ Michel,France,Surfing
1201,BOURHIS Jean Pierre,Senegal,Canoe Slalom
1202,BOURIAH Larbi,Algeria,Table Tennis
1203,BOURKE Colin,Japan,Rugby Sevens
1204,BOURMPOU Christina Ioanna,Greece,Rowing
1205,BOURNE Tri,United States of America,Beach Volleyball
1206,BOUSETA Siwar,Tunisia,Wrestling
1207,BOUTBIEN Jeanne,Senegal,Swimming
1208,BOUTER Micaela,South Africa,Diving
1209,BOUTIER Celine,France,Golf
1210,BOUTOUIL Samy,Morocco,Swimming
1211,BOUWMEESTER Marit,Netherlands,Sailing
1212,BOUZAYANI Marwa,Tunisia,Athletics
1213,BOVE Claire,France,Rowing
1214,BOVENDEERT Roel,Netherlands,Hockey
1215,BOWEN Alex,United States of America,Water Polo
1216,BOWEN Katie,New Zealand,Football
1217,BOYCE Brendan,Ireland,Athletics
1218,BOYER Marine,France,Artistic Gymnastics
1219,BOYER Stephen,France,Volleyball
1220,BOZ Meryem,Turkey,Volleyball
1221,BOZAN Dilara,Turkey,Karate
1222,BOZBAYEV Islam,Kazakhstan,Judo
1223,BRADSHAW Holly,Great Britain,Athletics
1224,BRADY Jennifer,United States of America,Tennis
1225,BRAEGGER Pablo,Switzerland,Artistic Gymnastics
1226,BRAENDLE Naemi,Switzerland,Canoe Slalom
1227,BRAGA GUIMARAES Gabriela,Brazil,Volleyball
1228,BRAGANCA Rui,Portugal,Taekwondo
1229,BRAGMAYER Zsanett,Hungary,Triathlon
1230,BRAID Connor,Canada,Rugby Sevens
1231,BRAIDOT Luca,Italy,Cycling Mountain Bike
1232,BRAIT Camila,Brazil,Volleyball
1233,BRAKE Michael,New Zealand,Rowing
1234,BRAND Tim,Australia,Hockey
1235,BRANDAU Elisabeth,Germany,Cycling Mountain Bike
1236,BRANDL Maximilian,Germany,Cycling Mountain Bike
1237,BRANKOVSKI Borjan,North Macedonia,Shooting
1238,BRANQUINHO Diogo,Portugal,Handball
1239,BRANSER Marie,Democratic Republic of the Congo,Judo
1240,BRANZ Maria Sol,Argentina,Sailing
1241,BRASH Scott,Great Britain,Equestrian
1242,BRASPENNINCX Shanne,Netherlands,Cycling Track
1243,BRASSART Maellyse,Belgium,Artistic Gymnastics
1244,BRATHWAITE Shane,Barbados,Athletics
1245,BRATTSET DALE Kari,Norway,Handball
1246,BRAUNSCHWEIG Ole,Germany,Swimming
1247,BRAUSSE Franziska,Germany,Cycling Track
1248,BRAVO Claudio,Argentina,Football
1249,BRAVO Elizabeth,Ecuador,Triathlon
1250,BRAY-LOUGHEED Alanna,Canada,Canoe Sprint
1251,BRAZ Thiago,Brazil,Athletics
1252,BRAZIER Kelly,New Zealand,Rugby Sevens
1253,BRECCIAROLI Stefano,Italy,Equestrian
1254,BREDAL OFTEDAL Stine,Norway,Handball
1255,BREISTOEL Kristine,Norway,Handball
1256,BREMBACH Nils,Germany,Athletics
1257,BRENDEL Sebastian,Germany,Canoe Sprint
1258,BRENNAN Emmet,Ireland,Boxing
1259,BRENNAUER Lisa,Germany,Cycling Road
1260,BRENNO,Brazil,Football
1261,BRES Klaudia,Poland,Shooting
1262,BREW Chloe,Great Britain,Rowing
1263,BRGULJAN Drasko,Montenegro,Water Polo
1264,BRIELS Thomas,Belgium,Hockey
1265,BRIER Joseph,Great Britain,Athletics
1266,BRIGDEN-JONES Jo,Australia,Canoe Sprint
1267,BRIGHT Millie,Great Britain,Football
1268,BRINEGAR Michael,United States of America,Swimming
1269,BRINKMAN Thierry,Netherlands,Hockey
1270,BRITTAIN Lawrence,South Africa,Rowing
1271,BRIZARD Antoine,France,Volleyball
1272,BRNOVIC Tatjana,Montenegro,Handball
1273,BRO Signe,Denmark,Swimming
1274,BROCK Laura,Australia,Football
1275,BRODERSEN Svend,Germany,Football
1276,BRODKA Amelia,Poland,Skateboarding
1277,BROEDERS Ben,Belgium,Athletics
1278,BROEKSMA Gijs,Netherlands,Archery
1279,BROEKX Lize,Belgium,Canoe Sprint
1280,BROENINK Stef,Netherlands,Rowing
1281,BROERSEN Nadine,Netherlands,Athletics
1282,BROMELL Trayvon,United States of America,Athletics
1283,BROMFIELD Junelle,Jamaica,Athletics
1284,BROMLEY Michelle,Australia,Table Tennis
1285,BRONZE Lucy,Great Britain,Football
1286,BROOKS Declan,Great Britain,Cycling BMX Freestyle
1287,BROOKS Jelena,Serbia,Basketball
1288,BROOKSHIRE Suzannah,Mexico,Baseball/Softball
1289,BROSSIER Amandine,France,Athletics
1290,BROSZUS Blake,Canada,Fencing
1291,BROUGHTON Gayle,New Zealand,Rugby Sevens
1292,BROUWER Alexander,Netherlands,Beach Volleyball
1293,BROWN Abbie,Great Britain,Rugby Sevens
1294,BROWN Alicia,Canada,Athletics
1295,BROWN Colton,United States of America,Judo
1296,BROWN Erika,United States of America,Swimming
1297,BROWN Grace,Australia,Cycling Road
1298,BROWN Ira,Japan,3x3 Basketball
1299,BROWN Javeir,Jamaica,Athletics
1300,BROWN Joanna,Canada,Triathlon
1301,BROWN Maceo,United States of America,Rugby Sevens
1302,BROWN Mackenzie,United States of America,Archery
1303,BROWN Max,New Zealand,Canoe Sprint
1304,BROWN Ricardo,Jamaica,Boxing
1305,BROWN Sky,Great Britain,Skateboarding
1306,BROWNE Kwesi,Trinidad and Tobago,Cycling Track
1307,BROWNING Kayle,United States of America,Shooting
1308,BROWNING Rohan,Australia,Athletics
1309,BROWNLEE Jonathan,Great Britain,Triathlon
1310,BRUCE Lauren,New Zealand,Athletics
1311,BRUCE Nick,United States of America,Cycling BMX Freestyle
1312,BRUECKLER Julia,Austria,Skateboarding
1313,BRUESSLER Sarah,Germany,Canoe Sprint
1314,BRUGGEMAN Lore,Belgium,Skateboarding
1315,BRUHN Annika,Germany,Swimming
1316,BRUME Ese,Nigeria,Athletics
1317,BRUN Kristoffer,Norway,Rowing
1318,BRUNET Manon,France,Fencing
1319,BRUNI Rachele,Italy,Marathon Swimming
1320,BRUNI Roberta,Italy,Athletics
1321,BRUSSINO Nicolas,Argentina,Basketball
1322,BRUYNSEELS Niels,Belgium,Equestrian
1323,BRYDON David,New Zealand,Hockey
1324,BRYL Michal,Poland,Beach Volleyball
1325,BRYS Tim,Belgium,Rowing
1326,BRYZHINA Anastasiya,Ukraine,Athletics
1327,BRZEZINSKI Marcin,Poland,Rowing
1328,BRZOZOWSKI Artur,Poland,Athletics
1329,BU ARISH Yousif,Saudi Arabia,Swimming
1330,BU Tingkai,People's Republic of China,Canoe Sprint
1331,BUBLIK Alexander,Kazakhstan,Tennis
1332,BUCHANAN Kadeisha,Canada,Football
1333,BUCHANAN Rushlee,New Zealand,Cycling Track
1334,BUCHARD Amandine,France,Judo
1335,BUCHER Simon,Austria,Swimming
1336,BUCHLI Matthijs,Netherlands,Cycling Track
1337,BUCHMANN Emanuel,Germany,Cycling Road
1338,BUCK Charlotte,United States of America,Rowing
1339,BUCKINGHAM Ben,Australia,Athletics
1340,BUCKINGHAM Charlie,United States of America,Sailing
1341,BUCKLE Carolyn,Australia,Artistic Swimming
1342,BUCKLING Hannah,Australia,Water Polo
1343,BUCZEK Jakub,Canada,Rowing
1344,BUDCHARERN Siri Arun,Lao People's Democratic Republic,Swimming
1345,BUDIAK Anatolii,Ukraine,Cycling Road
1346,BUENO Laura,Spain,Athletics
1347,BUFONI Leticia,Brazil,Skateboarding
1348,BUGAJSKI Josh,Great Britain,Rowing
1349,BUGALLO Agustin Fernando,Argentina,Hockey
1350,BUHL-HANSEN Laerke,Denmark,Sailing
1351,BUHUS Iuliana,Romania,Rowing
1352,BUI Kim,Germany,Artistic Gymnastics
1353,BUISA Pam,Canada,Rugby Sevens
1354,BUITENDAG Bianca,South Africa,Surfing
1355,BUJAK Eugenia,Slovenia,Cycling Road
1356,BUJOLD Mandy,Canada,Boxing
1357,BUKHOV Vladyslav,Ukraine,Swimming
1358,BUKIC Luka,Croatia,Water Polo
1359,BUKOWIECKI Konrad,Poland,Athletics
1360,BULAICH SIMIAN Daniela,Argentina,Volleyball
1361,BULL Alyssa,Australia,Canoe Sprint
1362,BULL Tyson,Australia,Artistic Gymnastics
1363,BULMER Josephine,Australia,Canoe Sprint
1364,BULTOR Daryl,France,Volleyball
1365,BUNDSEN Johanna,Sweden,Handball
1366,BUNGE Claudia,New Zealand,Football
1367,BURCHAM Scotty,Israel,Baseball/Softball
1368,BURCHELL Remona,Jamaica,Athletics
1369,BURDISSO Federico,Italy,Swimming
1370,BURESTEDT Felix,Sweden,Badminton
1371,BURGER Alex,South Africa,Sailing
1372,BURGER Guillaume,France,Canoe Sprint
1373,BURGESS Adam,Great Britain,Canoe Slalom
1374,BURGHARDT Alexandra,Germany,Athletics
1375,BURGO Samuele,Italy,Canoe Sprint
1376,BURIAN Katalin,Hungary,Swimming
1377,BURKARD Elena,Germany,Athletics
1378,BURKE Mario,Barbados,Athletics
1379,BURKHILL Hannah,Australia,Artistic Swimming
1380,BURKS Quanesha,United States of America,Athletics
1381,BURLING Peter,New Zealand,Sailing
1382,BURMANN de OLIVEIRA Pedro Luis,Brazil,Athletics
1383,BURNET Anna,Great Britain,Sailing
1384,BURNET Taymir,Netherlands,Athletics
1385,BURNETT Derek,Ireland,Shooting
1386,BURNS Tom,New Zealand,Taekwondo
1387,BURRELL Keeno,Jamaica,Athletics
1388,BURTON Abi,Great Britain,Rugby Sevens
1389,BUSA Bianka,Serbia,Volleyball
1390,BUSA Luigi,Italy,Karate
1391,BUSATO Mattia,Italy,Karate
1392,BUSCH Kim,Netherlands,Swimming
1393,BUSCOMB Camille,New Zealand,Athletics
1394,BUSLJE Andro,Croatia,Water Polo
1395,BUSSIERE Theo,France,Swimming
1396,BUSTAMANTE Carlos,Mexico,Baseball/Softball
1397,BUSTOS Esteban,Chile,Modern Pentathlon
1398,BUSTOS SANCHEZ Alejandro,Spain,Water Polo
1399,BUTBUL Tohar,Israel,Judo
1400,BUTCHART Andrew,Great Britain,Athletics
1401,BUTDEE Chatchai-Decha,Thailand,Boxing
1402,BUTSENKO Mykola,Ukraine,Boxing
1403,BUTTERWORTH Alycia,Canada,Athletics
1404,BUTTERWORTH Lindsey,Canada,Athletics
1405,BUTTS-TOWNSEND Tynita,United States of America,Athletics
1406,BUTULIJA Dajana,Serbia,Basketball
1407,BUZARNESCU Mihaela,Romania,Tennis
1408,BWOGI Shadiri,Uganda,Boxing
1409,BYLON Atheyna,Panama,Boxing
1410,BYRNE Ronan,Ireland,Rowing
1411,CA Liliana,Portugal,Athletics
1412,CABAL Juan-Sebastian,Colombia,Tennis
1413,CABALLERO Denia,Cuba,Athletics
1414,CABANA PEREZ Cristina,Spain,Judo
1415,CABECINHA Ana,Portugal,Athletics
1416,CABELICKA Jitka,Czech Republic,Cycling Mountain Bike
1417,CABRAL BARBOSA Alexandrina,Spain,Handball
1418,CABRERA Melky,Dominican Republic,Baseball/Softball
1419,CACACE Liberato,New Zealand,Football
1420,CACCIAMANI Ilaria,Italy,Baseball/Softball
1421,CACERES Eusebio,Spain,Athletics
1422,CACI Anthony,France,Football
1423,CACIC Nikolina,Croatia,Boxing
1424,CADO Sasa,Serbia,Basketball
1425,CADOGAN Shane,St Vincent and the Grenadines,Swimming
1426,CAFFARO Francisco,Argentina,Basketball
1427,CAI Alex,Canada,Fencing
1428,CAI Zelin,People's Republic of China,Athletics
1429,CAICEDO Juan,Ecuador,Athletics
1430,CAICEDO PACHITO Jean Carlos,Ecuador,Boxing
1431,CAINERO Chiara,Italy,Shooting
1432,CAIRA Jenna,Canada,Baseball/Softball
1433,CAIRNS Anne,Samoa,Canoe Sprint
1434,CAIXETA Tandara,Brazil,Volleyball
1435,CAKIROGLU Buse Naz,Turkey,Boxing
1436,CAKSS Gatis,Latvia,Athletics
1437,CALABRO Giulio,Italy,Sailing
1438,CALDERANO Hugo,Brazil,Table Tennis
1439,CALDWELL Abbey,Australia,Athletics
1440,CALEL Jose Oswaldo,Guatemala,Athletics
1441,CALISKAN Kubra,Turkey,Volleyball
1442,CALJA Briken,Albania,Weightlifting
1443,CALJOUW Mark,Netherlands,Badminton
1444,CALLEGARI Beatrice,Italy,Artistic Swimming
1445,CAMACHO-QUINN Jasmine,Puerto Rico,Athletics
1446,CAMARA Ebrima,Gambia,Athletics
1447,CAMARA Fatoumata Yarie,Guinea,Wrestling
1448,CAMARA Seco,Guinea-Bissau,Athletics
1449,CAMBONI Mattia,Italy,Sailing
1450,CAMERON Lloydricia,Jamaica,Athletics
1451,CAMILO de OLIVEIRA Paulo Andre,Brazil,Athletics
1452,CAMPAZZO Facundo,Argentina,Basketball
1453,CAMPBELL Bronte,Australia,Swimming
1454,CAMPBELL Cate,Australia,Swimming
1455,CAMPBELL Emily Jade,Great Britain,Weightlifting
1456,CAMPBELL Jane,United States of America,Football
1457,CAMPBELL Jesse,New Zealand,Equestrian
1458,CAMPBELL Luke,Germany,Athletics
1459,CAMPBELL Paige,Australia,Athletics
1460,CAMPBELL Richard,Australia,Water Polo
1461,CAMPBELL Taylor,Great Britain,Athletics
1462,CAMPBELL Teniel,Trinidad and Tobago,Cycling Road
1463,CAMPION Kevin,France,Athletics
1464,CAMPOS Jorge,Cuba,Table Tennis
1465,CAMPOS Luiza,Brazil,Rugby Sevens
1466,CAMPOS Luis Henry,Peru,Athletics
1467,CAMPOS Natalia,Chile,Football
1468,CAMPOS PEREIRA Rafael Henrique,Brazil,Athletics
1469,CAMPOS Rafael,Puerto Rico,Golf
1470,CAMPOS Tiago,Portugal,Marathon Swimming
1471,CAMPUZANO CHAVEZ PEON Daniela,Mexico,Cycling Mountain Bike
1472,CAN Yasemin,Turkey,Athletics
1473,CANALEJO PAZOS Jaime,Spain,Rowing
1474,CANALES Antonia,Chile,Football
1475,CANCAR Vlatko,Slovenia,Basketball
1476,CANELO SANCHEZ Eliecer Alfonso,Venezuela,Volleyball
1477,CANETT Kayla,United States of America,Rugby Sevens
1478,CANNONE Romain,France,Fencing
1479,CANO RUIZ Carmen,Spain,Hockey
1480,CANTER Rosalind,Great Britain,Equestrian
1481,CANTERO REINA Patricia,Spain,Sailing
1482,CANUEL Karol-Ann,Canada,Cycling Road
1483,CAPDEVILLE Gustavo,Portugal,Handball
1484,CAPOBIANCO Andrew,United States of America,Diving
1485,CAPOGROSSO Nicolas,Argentina,Beach Volleyball
1486,CAPORASO Teodorico,Italy,Athletics
1487,CARAMBULA RAURICH Adrian Ignacio,Italy,Beach Volleyball
1488,CARAMIGNOLI Martina Rita,Italy,Swimming
1489,CARAPAZ Richard,Ecuador,Cycling Road
1490,CARBALLES BAENA Roberto,Spain,Tennis
1491,CARBONELL BALLESTERO Ona,Spain,Artistic Swimming
1492,CARD Devon,South Africa,Water Polo
1493,CARD Kelsey,United States of America,Athletics
1494,CARDA Ally,United States of America,Baseball/Softball
1495,CARDENAS ESTRADA Jorge Adan,Mexico,Weightlifting
1496,CARDONA MENDEZ Joan,Spain,Sailing
1497,CARDOSO Adriana,Brazil,Handball
1498,CARDOZO ROJAS Irismar del Valle,Venezuela,Boxing
1499,CAREY Jade,United States of America,Artistic Gymnastics
1500,CAREY Michelle,Ireland,Hockey
1501,CARGNIN Daniel,Brazil,Judo
1502,CARINI Giacomo,Italy,Swimming
1503,CARIOLOU Andreas,Cyprus,Sailing
1504,CARLE Gabrielle,Canada,Football
1505,CARLETON Bridget,Canada,Basketball
1506,CARLI Sarah,Australia,Athletics
1507,CARLILE Thomas,France,Equestrian
1508,CARLIN Jack,Great Britain,Cycling Track
1509,CARLOS Azenaide,Angola,Handball
1510,CARLSBOGARD Jonathan,Sweden,Handball
1511,CARLSON Jenny,Sweden,Handball
1512,CARNEGIE Sholto,Great Britain,Rowing
1513,CARO NARVAEZ Angelo,Peru,Skateboarding
1514,CAROSONE Emily,Italy,Baseball/Softball
1515,CAROU Gonzalo Matias,Argentina,Handball
1516,CARPENTER Ellie,Australia,Football
1517,CARPREAUX Marjorie,Belgium,Basketball
1518,CARRANZA SAROLI Cecilia,Argentina,Sailing
1519,CARRARO Martina,Italy,Swimming
1520,CARRASCO ANGULO Jose Manuel,Venezuela,Volleyball
1521,CARRERA QUINTANA Raquel,Spain,Basketball
1522,CARRIER Marina,Australia,Modern Pentathlon
1523,CARRILLO Duilio,Mexico,Modern Pentathlon
1524,CARRILLO Marko,Peru,Shooting
1525,CARRILLO Yeseida,Colombia,Athletics
1526,CARRINGTON Lisa,New Zealand,Canoe Sprint
1527,CARRO Fernando,Spain,Athletics
1528,CARROLL Naomi,Ireland,Hockey
1529,CARSTENSEN Sebastian Fini,Denmark,Cycling Mountain Bike
1530,CARTER Anthony,United States of America,Baseball/Softball
1531,CARTER Chris,United States of America,Athletics
1532,CARTER Dylan,Trinidad and Tobago,Swimming
1533,CARUSO Bianca,Italy,Sailing
1534,CARUSO Damiano,Italy,Cycling Road
1535,CARVALHO Lucas,Brazil,Athletics
1536,CASAS Queralt,Spain,Basketball
1537,CASAS Triston,United States of America,Baseball/Softball
1538,CASELLA SCHUTH Maico,Argentina,Hockey
1539,CASETTA Belen,Argentina,Athletics
1540,CASEY Paul,Great Britain,Golf
1541,CASHIN Amy,Australia,Athletics
1542,CASILLAS GARCIA Miriam,Spain,Triathlon
1543,CASLICK Charlotte,Australia,Rugby Sevens
1544,CASSANDRO Tammaro,Italy,Shooting
1545,CASSARA Andrea,Italy,Fencing
1546,CASSE Matthias,Belgium,Judo
1547,CASSIEM Abdud Dayaan,South Africa,Hockey
1548,CASSIEM Mustaphaa,South Africa,Hockey
1549,CASSIN Alexandre,France,Table Tennis
1550,CASSON Jennifer,Canada,Rowing
1551,CASTALDO Matteo,Italy,Rowing
1552,CASTANEDA Jhon Alexander,Colombia,Athletics
1553,CASTANO GARCIA Gabriel,Mexico,Swimming
1554,CASTEL BLANCO Jorge,Panama,Athletics
1555,CASTELLANOS SOANEZ Mercedes,Spain,Handball
1556,CASTILLO Brenda,Dominican Republic,Volleyball
1557,CASTILLO GALINDO Rut,Mexico,Rhythmic Gymnastics
1558,CASTILLO Gabriel,Bolivia,Swimming
1559,CASTILLO Luis,Dominican Republic,Baseball/Softball
1560,CASTILLO TORRES Julio Cesar,Ecuador,Boxing
2265,DELGADILLO Daniel,Mexico,Marathon Swimming
2266,DELGADO Angelica,United States of America,Judo
2267,DELGADO Anicka,Ecuador,Swimming
2268,DELIA Marcos,Argentina,Basketball
2269,DELILAJ Manuela,Albania,Shooting
2270,DELL'AQUILA Vito,Italy,Taekwondo
2271,DELLAVEDOVA Matthew,Australia,Basketball
2272,DELLIEN Hugo,Bolivia,Tennis
2273,DELMOTTE Nicolas,France,Equestrian
2274,DELRUE Delphine,France,Badminton
2275,DEMAY Coralie,France,Cycling Track
2276,DEMEY Valerie,Belgium,Cycling Road
2277,DEMIDIK Karyna,Belarus,Athletics
2278,DEMIR Evin,Turkey,Athletics
2279,DEMIREVA Mirela,Bulgaria,Athletics