ID,Name,NOC,Discipline,Event
202001,CALDAS Max,Netherlands,Hockey,Men
202002,CAMPAGNA Alessandro,Italy,Water Polo,Men
202003,CARO Carlos,Mexico,Baseball/Softball,Softball
202004,CASAREZ Mary Lucy,Japan,Baseball/Softball,Softball
202006,CHAMBERS Cheryl,Australia,Basketball,
202007,CHEPAK Anastasiya,Egypt,Artistic Swimming,Duet
202008,CHEPAK Anastasiya,Egypt,Artistic Swimming,Team
202009,CHERNETSKA Natalia,Greece,Artistic Swimming,Duet
202010,CHERNETSKA Natalia,Greece,Artistic Swimming,Team
202012,CHOI Il Eon,Republic of Korea,Baseball/Softball,Baseball
202013,CHUN Jooweon,Republic of Korea,Basketball,Women
202014,CLARK STEPHEN Gregg,India,Hockey,Men
202015,COLLET Vincent,France,Basketball,Men
202016,COMMENS Adam,Belgium,Hockey,
202017,COURTEIX David,France,Rugby Sevens,Women
202020,DAL ZOTTO Renan,Brazil,Volleyball,Men
202021,DANCER Sean,Ireland,Hockey,Women
202022,DANCHENKO Tatiana,ROC,Artistic Swimming,Duet
202025,de la FUENTE CASTILLO Luis,Spain,Football,Men
202026,de MOURA Luizomar,Kenya,Volleyball,Women
202027,de OLIVEIRA Marcus Ricardo,Brazil,Handball,Men
202028,de VOS Robbert-Jan,Netherlands,Hockey,
202029,DELANEY Mike,New Zealand,Hockey,
202030,DEMCHENKO Zhanna,Kazakhstan,Artistic Swimming,Duet
202031,DIAZ FERNANDEZ Jenaro Manuel,Spain,Basketball,
202032,DIAZ HENRIQUEZ Nestor,Dominican Republic,Basketball,
202033,DIDENKO Natalia,Spain,Artistic Swimming,
202034,DOBSON Howard,United States of America,Baseball/Softball,Softball
202035,DORE Karine,Canada,Artistic Swimming,
202036,DROBNJAK Dragisa,Slovenia,Basketball,
202037,SCARIOLO Sergio,Spain,Basketball,Men
202039,SEKULIC Aleksander,Slovenia,Basketball,Men
202040,SEO Chun Oh,Republic of Korea,Rugby Sevens,Men
202041,SERMANNI Tom,New Zealand,Football,Women
202042,SHAHINTAB Mehran,Islamic Republic of Iran,Basketball,Men
202043,SHAHNAZI Shahbaz,Austria,Artistic Swimming,
202044,SHAW Graham,New Zealand,Hockey,Women
202045,SHAWKY Gharib,Egypt,Football,Men
202046,SIAM Zaghloul,Egypt,Football,
202047,SIGURDSSON Dagur,Japan,Handball,Men
202048,SIMIYU Innocent,Kenya,Rugby Sevens,Men
202049,SINGH Shivendra,India,Hockey,Men
202050,SMITH Darren,New Zealand,Hockey,Men
202051,SMITH Mark,Canada,Baseball/Softball,Softball
202052,SOLBERG Glenn,Sweden,Handball,Men
202053,SOYEZ Frederic,Spain,Hockey,Men
202054,SPERAW John,United States of America,Volleyball,Men
202055,SPERONI Stefania,Great Britain,Artistic Swimming,Duet
202056,STALEY Dawn,United States of America,Basketball,Women
202057,STANIFORTH Dave,Australia,Hockey,
202058,STAS Jacques,Belgium,Basketball,
202059,SUNDHAGE Pia Mariane,Brazil,Football,Women
202060,SVETLICHNAYA Aliona,Belarus,Artistic Swimming,Duet
202061,SZAUDER Gabor,Canada,Artistic Swimming,Duet